[
{
   "namespace":"fpvs_api",
   "functions":[
       {
        "name":"on_start",
        "type":"function",
        "desription":"Initiate the background with event listner",
        "async":true,
        "parameters":[]
       }
   ]
},
{
    "namespace":"fpvs_optionsAPI",
    "functions":[
        {
            "name":"init",
            "type":"function",
            "description":"Initiate the background with event listner",
            "async":true,
            "parameters":[]

        },
        {
            "name":"getViews",
            "type":"function",
            "description":"Initiate the background with event listner",
            "async":true,
            "parameters":[]
        }

    ],
   "events":[
    {
       "name":"onOptionsPageload",
       "type":"function",
       "description":"Fires when the Page load",
       "parameters":[
        {
           "name":"id",
           "type":"string",
           "Description":"The window id"
        }
       ]
    }
   ]

}


]